accession,genome
>AJ457946,GCAAAAGCAGGAGTGAAGATGAATCCAAATCAAAAGATAATAACAATTGGCTCTGTTTCTCTCACTATTGCCACAATATGCTTCCTTATGCAAATTGCCATCCTGGTAACTACTGTAACATTGCATTTCAAGCAATATGAGTGCAACTCCCCCCCAAACAACCAAGTAATGCTGTGTGAACCAACAATAATAGAAAGAAACATAACAGAGATAGTGTATCTGACCAACACCACCATAGAGAAAGAAATATGCCCCGAACTAGCAGAATACAGAAATTGGTCAAAGCCGCAATGTAAAATTACAGGATTTGCACCTTTTTCTAAGGACAATTCAATTCGGCTTTCCGCTGGTGGAGACATTTGGGTGACAAGAGAACCTTATGTGTCATGCGATCCTGGCAAGTGTTATCAATTTGCCCTTGGACAGGGAACAACACTAAACAACAGGCATTCAAATGACACAGTACATGATAGGACCCCTTATCGAACCCTATTGATGAATGAGTTGGGTGTTCCATTTCATTTGGGAACCAAGCAAGTGTGCATAGCATGGTCCAGCTCAAGTTGTCACGATGGAAAAGCATGGCTGCATGTTTGTGTAACTGGGCATGATGAAAATGCAACTGCTAGCTTCATTTACGATGGGAGGCTTGTAGATAGTATTGGTTCATGGTCCAAAAATATCCTCAGGACCCAGGAGTCGGAATGCGTTTGTATCAATGGAACTTGTACAGTAGTAATGACTGATGGAAGTGCTTCAGAAAGAGCTGATACTAAAATACTATTCATTGAAGAGGGGAAAATCGTTCATATTAGCCCATTGTCAGGAAGTGCTCAGCATGTCGAGGAGTGCTCCTGTTATCCTCGATATCCTGGTGTCAGATGTGTCTGCAGAGACAACTGGAAAGGCTCCAATAGGCCCATCGTAGATATAAATGTGAAAGATTATAGCATTGTTTCCAGTTATGTGTGCTCAGGACTTGTTGGAGACACACCCAGAAAAAACGACAGCTCCAGCAGTAGCTATTGCTGGAATCCTAACAATGAGAAAGGGGGTCATGGAGTGAAAGGCTGGGCCTTTGATGATGGAAATGACGTGTGGATGGGAAGAACGATCAGCGAGGAGTTACGCTCAGGTTATGAAACCTTCAAAGTCATTGGAGGCTGGTCCAAACCTAACTCCAAATTGCAGATAAATAGGCAAGTCATAGTTGACAGAGGTAATAGGTCCGGTTATTCTGGTATTTTCTCTGTTGAAGGCAAAAGCTGCATCAATCGGTGCTTTTATGTGGAGTTGATAAGGGGAAGGAAACAGGAAACTGAAGTCTGGTGGACCTCAAACAGTATTGTTGTGTTTTGTGGCACCTCAGGTACATATGGAACAGGCTCATGGCCTGATGGGGCGGACATCAATCTCATGCCTATATAAGCTTTCGCAATTTTAGAAAAAACTCCTTGTTTCTACT
>AJ457966,GCAAAAGCAGGAGTGAAAATGAATCCAAATCAAAAGATAATAACGATTGGCTCTGTTTCTCTCACCATTGCCACAATATGCTTCCTTATGCAAATTGCCATCCTGGTAACTACTGTAACATTGCATTTCAAGCAATATGAATGCAACTCCCCCCCAAACAACCAAGTGATGCTGTGTGAACCAACAATAATAGAAAGAAACATAACAGAGATAGTGTATCTGACCAACACCACCATAGAGAAGGAAATATGCCCCAAACTAGCAGAATACAGAAATTGGTCAAAGCCGCAATGTAACATTACAGGATTTGCACCTTTTTCTAAGGACAATTCGATTCGGCTTTCCGCTGGTGGGGACATCTGGGTGACAAGAGAACCTTATGTGTCATGCGATCCTGACAAGTGTTATCAATTTGCCCTTGGACAGGGAACAACACTAAACAACGGGCATTCAAATGACACAGTACATGATAGGACCCCTTATCGGACCCTATTGATGAATGAGTTGGGTGTTCCATTTCATTTGGGAACCAAGCAAGTGTGCATAGCATGGTCCAGCTCAAGTTGTCACGATGGAAAAGCATGGCTGCATGTTTGTGTAACGGGGGATGATGAAAATGCAACTGCTAGCTTCATTTACAATGGGAGGCTTGTAGATAGTATTGGTTCATGGTCCAAAAAAATCCTCAGGACCCAGGAGTCGGAATGCGTTTGTATCAATGGAACTTGTACAGTAGTAATGACTGATGGGAGTGCTTCAGGAAAAGCTGATACTAAAATACTATTCATTGAGGAGGGGAAAATCGTTCATACTAGCCCATTGTCAGGAAGTGCTCAGCATGTCGAGGAATGCTCCTGTTATCCTCGATATCCTGGTGTCAGATGTGTCTGCAGAGACAACTGGAAAGGCTCCAATAGGCCCATCGTAGATATAAATGTAAAGGATTATAGCATTGTTTCCAGTTATGTGTGCTCAGGACTTGTTGGAGACACACCCAGAAAAAACGACAGCTCCAGCAGTAGCCATTGCTTGGATCCTAACAATGAGGAAGGTGGTCATGGAGTGAAAGGCTGGGCCTTTGATGATGGAAATGACGTGTGGATGGGAAGAACGATCAGCGAGAAGTTACGCTCAGGATATGAAACCTTCAAAGTCATTGAAGGCTGGTCCAAACCCAACTCCAAATTGCAGATAAATAGGCAAGTCATAGTTGACAGAGGTAATAGGTCCGGTTATTCTGGTATTTTCTCTGTTGAAGGCAAAAGCTGCATCAATCGGTGCTTTTATGTGGAGTTGATAAGGGGAAGGAAACAGGAAACTGAAGTCTTGTGGACCTCAAACAGTATTGTTGTGTTTTGTGGCACCTCAGGTACATATGGAACAGGCTCATGGCCTGATGGGGCGGACATCAATCTCATGCCTATATAAGCTTTCGCAATTTTAGAAAAAACTCCTTGTTTCTACT
>AJ457937,GCAAAAGCAGGAGTGAAAATGAATCCAAATCAAAAGATAATAACGATTGGCTCTGTTTCTCTCACTATTGCCACAATATGCTTCCTTATGCAAATAGCCATCCTGGTAACTACTGTAACATTGCATTTCAAGCAATATGAATGCAACTCCCCCCCAAACAACCAAGTAATGCTGTGTGAACCAACAATAATAGAAAGAAACATAACAGAGATAGTGTATCTGACCAACACCACCATAGAGAAGGAAATATGCCCCAAACTAGCAGAATACAGAAATTGGTCAAAGCCGCAATGTAAAATTACAGGATTTGCACCTTTTTCTAAGGATAATTCAATTCGGCTTTCCGCTGGTGGGGACATTTGGGTGACAAGAGAACCTTATGTGTCATGCGATCCTGACAAGTGTTATCAATTTGCCCTTGGACAGGGAACAACACTAAACAACAGGCATTCAAATGACACAGTACATGATAGGACCCCTTATCGAACCCTATTGATGAATGAGTTGGGTGTTCCATTTCATTTGGGAACCAAGCAAGTGTGTATAGCATGGTCCAGCTCAAGTTGTCACGATGGAAAAGCATGGCTGCATGTTTGTGTAACTGGGCATGATGAAAATGCAACTGCTAGCTTCATTTACGATGGGAGACTTGTAGATAGTATTGGTTCATGGTCCAAAAAAATCCTCAGGACCCAGGAGTCGGAATGCGTTTGTATCAATGGAACTTGTACAGTAGTAATGACTGATGGGAGTGCTTCAGGAAGAGCTGATACTAAAATACTTTTCATTGAGGAGGGGAAAATCGTTCATACTAGCAAATTGTCAGGAAGTGCTCAGCATGTCGAGGAGTGCTCCTGTTATCCTCGATATCCTGGTGTCAGATGTGTCTGCAGAGACAACTGGAAAGGCTCCAATAGGCCCATCGTAGATATAAATGTAAAGGATTATAGCATTGTTTCCAGTTATGTGTGCTCAGGACTTGTTGGAGACACACCCAGAAAAAACGACAGCTCCAGCAGTAGCCATTGCCTGGATCCTAACAATGAAGAAGGGGGTCATGGAGTGAAAGGCTGGGCCTTTGATGATGGAAATGACGTGTGGATGGGAAGAACGATCAGCGAGAAGTCACGCTCAGGTTATGAAACCTTCAAGGTCATTGAAGGCTGGTCCAAACCTAACTCCAAATTGCAGATAAATAGGCAAGTCATAGTTGAAAGAGGTAATATGTCCGGTTATTCTGGTATTTTCTCTGTTGAAGGCAAAAGCTGCATCAATCGGTGCTTTTATGTGGAGTTGATAAGGGGAAGGAAACAGGAAACTGAAGTCTGGTGGACCTCAAACAGTATTGTTGTGTTTTGTGGCACCTCAGGTACATATGGAACAGGCTCATGGCCTGATGGGGCGGACATCAATCTCATGCCTATATAAGCTTTCGCAATTTTAGAA
>AJ457942,GCAAAAGCAGGAGTGAAGATGAATCCAAATCAAAAGATAATAACTATTGGCTCTGTTTCTCTCACTATTGCCACAATATGCTTCCTTATGCAAATTGCCATCCTGGTAACTACTGTAACATTGCATTTCAAGCAATATGAATGCAACTCCCCCCCAAACAACCAAGTAATGCTGTGTGAACCAACAATAATAGAAAGAAACATAACAGAGATAGTGTATCTGACCAACACCACCATAGAGAAGGAAATATGCCCCAAACTAGCAGAATACAGAAATTGGTCAAAGCCGCAATGTAAAATTACAGGATTTGCACCTTTTTCTAAGGACAATTCAATTCGGCTTTCCGCTGGTGGGGACATTTGGGTGACAAGAGAACCTTATGTGTCATGCGATCCTGACAAGTGTTATCAATTTGCCCTTGGACAGGGAACAACACTAAACAACAGGCATTCAAATGACACAGTACATGATAGGACCCCTTATCGAACCCTATTGATGAATGAGTTGGGTGTTCCATTTCATTTGGGAACCAAGCAAGTGTGCATAGCATGGTCCAGCTCAAGTTGTCACGATGGAAAAGCATGGCTGCATGTTTGTGTAACTGGGCATGATGAAAATGCAACTGCTAGCTTCATTTACGATGGGAGGCTTGTAGATAGTATTGGTTCATGGTCCAAAAAAATCCTCAGGACCCAGGAGTCGGAGTGCGTTTGTATCAATGGAACTTGTACAGTAGTAATGACTGATGGGAGTGCTTCAGGAAGAGCTGATACTAAAATACTATTCATTGAGGAGGGGAAAATCGTTCATATTAGCCCATTGTCAGGAAGTGCTCAGCATGTCGAGGAGTGCTCCTGTTATCCTCGATATCCTGGTATCAGATGTGTCTGCAGAGACAACTGGAAAGGCTCCAATAGGCCCATCGTAGATATAAATGTAAAGGATTATAGCATTGTTTCCAGTTATGTGTGCTCAGGACTTGTTGGAGACACACCCAGAAAAAACGACAGCTCCAGCAGTAGCCATTGCCTGAATCCTAACAATGAGGAAGGGGGTCATGGAGTGAAAGGCTGGGCCTTTGATGATGGAAATGACGTGTGGATGGGAAGAACGATCAGCGAGAAGTTACGCTCAGGTTATGAAACCTTCAAAGTCATTGAAGGCTGGTCCAAACCTAACTCCAAATTGCAGATAAATAGGCAAGTCATAGTTGACAGAGGTAATAGGTCCGGTTATTCTGGTATTTTCTCTGTTGAAGGCAAAAGCTGCATCAATCGGTGCTTTTATGTGGAGTTGATAAGGGGAAGGAAACAGGAAACTGAAGTCTGGTGGACCTCAAACAGTATTGTTGTGTTTTGTGGCACCTCAGGTACATATGGAACAGGCTCATGGCCTGATGGGGCGGACATCAATCTCATGCCTATATAAGCTTTCGCAATTTTAGAAAAAACTCCTTGTTTCTACT
>J02176,AGCAAAAGCAGGGGAAAATAAAAACAACCAAAATGAAGGCAAAACTACTGGTCCTGTTATATGCATTTGTAGCTACAGATGCAGACACAATATGTATAGGCTACCATGCGAACAACTCAACCGACACTGTTGACACAATATTCGAGAAGAATGTGGCAGTGACACATTCTGTTAACCTGCTCGAAGACAGACACAACGGGAAACTATGTAAATTAAAAGGAATAGCCCCACTACAATTGGGGAAATGTAACATCACCGGATGGCTCTTGGGAAATCCAGAATGCGACTCACTGCTTCCAGCGAGATCATGGTCCTACATTGTAGAAACACCAAACTCTGAGAATGGAGCATGTTATCCAGGAGATTTCATCGACTATGAGGAACTGAGGGAGCAATTGAGCTCAGTATCATCATTAGAAAGATTCGAAATATTTCCCAAGGAAAGTTCATGGCCCAACCACACATTCAACGGAGTAACAGTATCATGCTCCCATAGGGGAAAAAGCAGTTTTTACAGAAATTTGCTATGGCTGACGAAGAAGGGGGATTCATACCCAAAGCTGACCAATTCCTATGTGAACAATAAAGGGAAAGAAGTCCTTGTACTATGGGGTGTTCATCACCCGTCCAGCAGTGATGAGCAACAGAGTCTCTATAGTAATGGAAATGCTTATGTCTCTGTAGCGTCTTCAAATTATAACAGGAGATTCACCCCGGAAATAGCTGCAAGGCCCAAAGTAAAAGATCAACATGGGAGGATGAACTATTACTGGACCTTGCTAGAACCCGGAGACACAATAATATTTGAGGCAACTGGTAATCTAATAGCACCATGGTATGCTTTCGCACTGAGTAGAGGGTTTGAGTCCGGCATCATCACCTCAAACGCGTCAATGCATGAGTGTAACACGAAGTGTCAAACACCCCAGGGATCTATAAACAGCAATCTCCCTTTCCAGAATATACACCCAGTCACAATAGGAGAGTGCCCAAAATATGTCAGGAGTACCAAATTGAGGATGGTTACAGGACTAAGAAACATCCCATCCATTCAATACAGAGGTCTATTTGGAGCCATTGCTGGTTTTATTGAGGGGGGATGGACTGGAATGATAGATGGATGGTATGGTTATCATCATCAGAATGAACAGGGATCAGGCTATGCAGCGGATCAAAAAAGCACACAGAATGCCATTAACGGGATTACAAACAAGGTGAACTCTGTTATCGAGAAAATGAACACTCAATTCACAGCTGTGGGTAAAGAATTCAACAACTTAGAAAAAAGGATGGAAAATTTAAATAAAAAAGTTGATGATGGGTTTCTGGACATTTGGACATATAATGCAGAATTGTTAGTTCTACTGGAAAATGAAAGAACTTTGGATTTCCATGACTTAAATGTGAAGAATCTGTACGAGAAAGTAAAAAGCCAATTAAAGAATAATGCCAAAGAAATCGGAAATGGGTGTTTTGAGTTCTACCACAAGTGTGACAATGAATGCATGGAAAGTGTAAGAAATGGGACTTATGATTATCCAAAATATTCAGAAGAATCAAAGTTGAACAGGGAAAAGATAGATGGAGTGAAATTGGAATCAATGGGGGTGTATCAGATTCTGGCGATCTACTCAACTGTCGCCAGTTCACTGGTGCTTTTGGTCTCCCTGGGGGCAATCAGTTTCTGGATGTGTTCTAATGGGTCTTTGCAGTGCAGAATATGCATCTGAGATTAGGATTTCAGAAATATAAGGAAAAACACCCTTGTTTCTACT
>CY021715,AATGGATGTCAATCCGATCTTACTTTTCTTAAAAGTTCCAGCACAAAATGCTATAAGCACAACTTTCCCTTATACTGGAGACCCTCCTTACAGCCATGGGACAGGAACAGGATATACCATGGATACTGTCAACAGGACACATCAGTACTCAGAAAGGGGAAAATGGACAACAAACACCGAAACTGGAGCACCACAACTCAACCCGATTGATGGGCCACTGCCAGAAGACAATGAACCGAGTGGTTATGCCCAAACAGATTGTGTATTGGAAGCAATGGCTTTCCTTGAGGAATCCCACCCTGGTATTTTTGAAAACTCATGCATTGAAACGATGGAGGTTGTTCAGCAAACACGAGTGGACAAGCTGACACAAGGCCGACAGACCTATGACTGGACTCTAAATAGAAACCAGCCTGCCGCAACAGCATTGGCCAACACAATAGAAGTGTTCAGATCAAATGGCCTCACGGCCAATGAATCTGGAAGGCTAATAGACTTCCTTAAGGATGTAATGGAGTCAATGGACAAAGAAGAAATAGAGATCACAACTCATTTTCAGAGAAAGAGACGAGTGAGAGACAATGTGACTAAGAAGATGGTGACACAGAGAACAATAGGCAAAAGGAAGCAAAGATTGAACAAAAGGAGTTATCTAATTAGAGCATTGACCCTGAACACAATGACCAAAGATGCTGAGAGAGGGAAACTAAAACGGAGAGCAATTGCAACCCCAGGGATGCAAATAAGGGGGTTTGTATACTTTGTTGAGACACTGGCAAGAAGTATATGTGAAAAACTTGAACAATCAGGATTGCCAGTTGGAGGCAATGAGAAGAAAGCAAAGTTGGCAAATGTTGTAAGGAAGATGATGACCAATTCTCAGGACACTGAAATTTCTTTCACCATCACTGGAGATAACACCAAATGGAACGAAAATCAGAACCCTAGGATGTTTTTGGCCATGATCACATATATTACCAGAACTCAGCCCGAATGGTTCAGAAATGTTCTAAGTATTGCTCCAATAATGTTCTCAAACAAAATGGCGAGACTAGGAAAGGGGTACATGTTTGAGAGCAAGAGTATGAAACTTAGAACTCAAATACCTGCAGAAATGCTAGCAAACATCGATTTGAAGTATTTCAATGATTCAACAAGAAAGAAGATTGAAAAAATCCGGCCGCTCTTAATAGATGGGACTGCATCACTGAGCCCTGGAATGATGATGGGCATGTTCAATATGTTAAGCACTGTATTGGGCGTCTCCATTCTGAATCTTGGACAAAAGAGATACACCAAGACCACTTACTGGTGGGATGGTCTTCAATCTTCTGATGATTTTGCTCTGATTGTGAATGCACCCAACCATGAAGGAATTCAAGCAGGAGTTGACAGGTTTTATCGAACCTGTAAGCTACTCGGAATCAATATGAGCAAGAAAAAGTCTTACATAAACAGAACAGGTACATTTGAATTCACGAGCTTTTTCTATCGTTATGGGTTTGTTGCAAATTTCAGCATGGAGCTTCCCAGTTTTGGGGTGTCTGGGATCAACGAGTCTGCAGACATGAGTATTGGAGTCACTGTCATCAAAAACAATATGATAAACAATGATCTTGGTCCAGCAACAGCTCAAATGGCCCTTCAGTTGTTCATCAAAGATTACAGGTACACATATCGATGCCATAGAGGTGACACACAAATACAAACCCGAAGATCATTTGAAATAAAGAAACTGTGGGAGCAAACCCGTTCTAAAGCTGGACTGCTGGTCTCCGACGGAGGCCCAAATTTATACAACATTAGAAATCTCCACATTCCTGAAGTCTGTTTAAAATGGGAATTGATGGATGAGGATTACCAGGGGCGTTTATGCAACCCACTGAACCCATTTGTCAGTCATAAAGAGATTGAATCAGTGAACAATGCAGTAATGATGCCGGCACATGGTCCAGCCAAAAACATGGAGTATGATGCTGTTGCAACAACACACTCCTGGATCCCCAAAAGAAATCGGTCCATCTTGAATACAAGCCAAAGAGGAATACTTGAAGATGAACAAATGTATCAAAGGTGCTGCAATTTATTTGAAAAATTCTTCCCCAGCAGTTCATACAGAAGACCAGTCGGAATATCCAGTATGGTGGAGGCTATGGTTTCCAGAGCCCGAATTGATGCACGGATTGATTTCGAATCTGGAAGGATAAAGAAGGAGGAGTTCACTGAGATCATGAAGATCTGTTCCACCATTGAAGAACTCAGACGGCAAAAATAGTGAATTTA
>CY021710,GTAGATATTGAAAGATGAGTCTTCTAACCGAGGTCGAAACGTACGTTCTCTCTATCGTCCCGTCAGGCCCCCTCAAAGCCGAGATCGCACAGAGACTTGAAGATGTCTTTGCTGGGAAGAACACAGATCTTGAGGCTCTCATGGAATGGCTAAAGACAAGACCAATCCTGTCACCTCTGACTAAGGGGATTTTAGGTTTTGTGTTCACGCTCACCGTGCCCAGTGAGCGAGGACTGCAGCGTAGACGCTTCGTCCAAAATGCCCTTAATGGGAATGGGGATCCAAATAACATGGACAGAGCAGTTAAACTGTATAGGAAGCTTAAGAGGGAGATAACATTCCATGGGGCCAAAGAAATAGCACTCAGTTATTCTGCTGGTGCACTTGCCAGTTGTATGGGCCTCATATACAACAGGATGGGGGCTGTGACCACTGAAGTGGCATTTGGCCTGGTATGCGCAACCTGTGAACAGATTGCTGACTCCCAGCATCGGTCTCATAGGCAAATGGTGACAACAACCAATCCACTAATAAGACATGAGAACAGAATGGTTCTAGCCAGCACTACAGCTAAGGCTATGGAGCAAATGGCTGGATCGAGTGAGCAAGCAGCAGAGGCCATGGAGGTTGCTAGTCAGGCTAGGCAAATGGTGCAGGCGATGAGAACCATTGGGACTCATCCTAGCTCCAGTGCTGGTCTGAAAGATGATCTTCTTGAAAATTTGCAGGCCTATCAGAAACGAATGGGGGTGCAGATGCAACGATTCAAGTGATCCTCTCGTTGTTGCCGCAAATATCATTGGGATCTTGCACTTGATATTGTGGATTCTTGATCGTCTTTTTTTCAAATGCATTTATCGTCTCTTTAAACACGGTCTGAAAAGAGGGCCTTCTACGGAAGGAGTGCCAGAGTCTATGAGGGAAGAATATCGAAAGGAACAGCAGAGTGCTGTAGATGCTGACGATAGTCATTTTGTCAACATAGAGCTGGAGTAAAAAA
>CY021709,AAAATAAAAACAACCAAAATGAAGGCAAGACTACTGGTCCTGTTATGTGCACTTGCAGCTACAGATGCAGACACAATATGTATAGGCTACCATGCGAACAACTCAACCGATACTGTTGACACAGTACTCGAAAAGAATGTGACAGTGACACACTCTGTCAACCTACTCGAAGACAGCCACAACGGGAAATTATGTAGATTAAAAGGAATAGCCCCACTACAATTGAGGAAATGTAACATTGCTGGATGGATCCTGGGAAACCCAGAATGCGAATCACTGCTTTCAGAGAGATCATGGTCCTACATTGTTGAAACACCAAACTCTGAGAATGGAACATGTTACCCAGGAGATTTTACCAACTATGAGGAACTGAGGGAGCAATTGAGCTCTGTATCATCATTCGAAAGATTCGAAATATTCCCCAAGGAAAGCTCATGGCCCAAACACAACACAACCAGAGGAGTAACGGCAGCATGCTCCCATGCGGGAAAAAGCAGTTTTTACAGAAATTTGCTATGGCTGACGGAGAAGGATGGCTCATATCCGAATCTGAACAATTCCTATGTGAACAAGAAAGGGAAAGAAGTCCTTGTACTATGGGGTGTTCATCACCCGTCCAACATAAAGGATCAACAGACCCTCTATCAGAAAGAAAATGCTTATGTCTCTGTAGTGTCTTCAAACTATAACAGGAGATTCACCCCGGAAATAGCAGAAAGACCCAAAGTAAGAGGTCAAGCAGGGAGGATGAACTATTACTGGACCTTGCTAAAACCCGGAGACACAATAATGTTTGAGGCAAATGGAAATCTAATAGCGCCATGGTATGCTTTCGCACTAAGTAGAGGCTTTGGGTCAGGCATCATCACCTCAAACGCATCGATGCATGAGTGTGACACGAAGTGTCAAACACCCCAGGGAGCTATAAACAGCAGTCTCCCTTTCCAGAATATCCACCCAGTCACAATAGGAGAGTGCCCAAAATACGTCAGGAGTACCAAATTGAGGATGGTTACAGGACTACGGAACATCCCATCCATTCAATCCAGAGGTCTATTTGGAGCCATTGCCGGTTTCATTGAAGGGGGATGGACTGGAATGATAGATGGATGGTATGGTTATCATCATCAGAATGAACAGGGATCAGGCTATGCTGCGGATCAAAAAAGCACACAAAATGCCATTAACGGGATTACAAACAAGGTGAACTCTGTTATCGAGAAGATGAACACTCAATTCACTGCTGTGGGTAAAGAATTCAACAACTTAGAAAAAAGGATGGAAAACTTAAACAAAAAAGTTGATGATGGATTTCTGGACATTTGGACATATAATGCAGAATTGTTGATTCTACTGGAAAATGAAAGGACTCTGGATTTCCATGACTCAAATGTGAAGAATCTGTATGAAAAAGTTAAAAGCCAATTAAGGAATAATGCCAAAGAAATAGGAAACGGGTGTTTTGAGTTCTACCACAAGTGTAACAATGAATGCATGGAAAGTGTAAAAAATGGAACTTATGATTATCCAAAATATTCAGAAGAATCAAAGTTGAACAGGGAAAAAATAGATGGAGTGAAATTGGAATCAATGGGGGTCTATCAGATTCTGGCGATCTACTCAACTGTCGCCAGTTCACTGGTGCTTCTAGTCTCCCTGGGGGCAATCAGCTTCTGGATGTGTTCTAATGGGTCTTTGCAGTGCAGAATATGCATCTGAGATCAGAATTTCAGAAATATAAGGAAAAAAAC
>CY021713,TGGCAAAAACATAATGGATCCCAACACTGTGTCAAGCTTTCAGGTAGATTGCTTTCTTTGGCATGTCCGCAAACGAGTTGCAGACCAAGAACTAGGTGATGCCCCATTCCTTGATCGGCTTCGCCGAGATCAGAAGTCCCTAAGAGGAAGAGGCAGCACTCTCGGTCTGAACATCGAAACAGCCACCCGTGTTGGAAAGCAGATAGTGGAGCGGATTCTGAAGGAAGAATCCGATGAGGCACTTAAAATGACCATGGCCTCTGCACTTGCTTCGCGCTACCTAACTGACATGACTATTGAGGAAATGTCAAGGGACTGGTTCATGCTCATGCCCAAGCAGAAAGTGGCAGGCCCTCTTTGTATCAGAATGGACCAGGCGATCATGGATAAGAGCATCATACTGAAAGCAAACTTCAGTGTGATTTTTGGCCGGCTGGAGACTCTGATATTACTAAGGGCTTTCACCGAAGAGGGAGCAATTGTTGGCGAAATTTCACCATTGCCTTCTCTTCCAGGACATACTAATGAGGATGTCAAAAATGCAATTGGGGTCCTCATCGGAGGACTTGAATGGAATGATAACACAGTTCGAGTCTCTAAAACTCTACAGAGATTCGCTTGGAGAAGCAGTAATGAGAATGGGAGACCTCCACTCACTCCAAAACAGAAACGGAAAATGGCGAGAACAATTAGGTCAGAAGTTTGAAGAAATAAGATGGTTGATTGAAGAAGTGAGACACAGACTGAAGATAACAGAGAACAGTTTTGAGCAAATAACGTTCATGCAAGCCTTACAGCTATTGCTTGAAGTGGAGCAAGAGATAAGAACTTTCTCGTTTCAGCTTATTTAA
>CY021712,ATAATCACTCACTGAGTGACATCAAAATCATGGCGTCCCAAGGCACCAAACGGTCTTACGAACAGATGGAGACTGATGGAGAACGCCAGAATGCCACTGAAATCAGAGCATCCGTCGGAAAAATGATTAGTGGAATTGGGCGATTCTACATCCAAATGTGCACCGAACTTAAACTCAGTGATTATGAGGGACGGCTGATCCAAAACAGCTTAACAATAGAGAGAATGGTGCTCTCTGCTTTTGACGAGAGGAGGAATAAATATCTGGAAGAACATCCCAGCGCGGGGAAAGATCCTAAGAAAACTGGAGGACCCATATACAAGAGAGTAGATGGAAAGTGGATGAGGGAACTCATCCTTTATGACAAAGAAGAAATAAGGCGAATCTGGCGCCAAGCTAATAATGGTGATGATGCAACTGCTGGTCTGACTCACATGATGATCTGGCATTCCAATTTGAATGATGCAACTTATCAGAGGACAAGAGCTCTTGTCCGCACCGGAATGGATCCCAGGATGTGCTCTCTGATGCAGGGTTCAACTCTCCCTAGGAGGTCTGGAGCCGCAGGCGCTGCAGTCAAAGGAATTGGGACAATGGTGATGGAATTGATCAGGATGATCAAACGTGGGATCAATGATCGGAACTTCTGGAGGGGTGAGAATGGACGAAAAACAAGGATTGCTTATGAGAGAATGTGCAACATTCTCAAAGGGAAATTTCAAACAGCTGCACAAAGAGCAATGATGGATCAAGTGAGGGAAAGCCGGAATCCAGGAAATGCTGAGTTCGAAGATCTCACCTTTCTGGCACGGTCTGCACTCATATTGAGAGGATCAGTTGCTCACAAGTCTTGCCTGCCTGCCTGTGTGTATGGACCTGCCGTAGCCAGTGGGTACGACTTCGAAAGAGAGGGATACTCTCTAGTTGGAATAGATCCTTTCAAACTGCTTCAAAACAGCCAAGTATACAGCCTAATCAGACCGAACGAGAATCCAGCACACAAGAGTCAGCTGGTGTGGATGGCATGCCATTCTGCTGCATTTGAAGATCTAAGAGTATCAAGCTTCATCAGAGGGACGAAAGTAATCCCAAGGGGAAAGCTTTCCACCAGAGGAGTTCAAATTGCTTCCAATGAAAACATGGAGACTATGGGATCAAGTACTCTTGAACTGAGAAGCAGGTACTGGGCCATAAGGACCAGAAGTGGAGGGAACACCAATCAACAGAGGGCTTCTGCAGGCCAAATCAGCATACAACCTACGTTTTCTGTACAGAGAAATCTCCCATTTGACAGAACAACCATCATGGCAGCATTCACTGGGAATACAGAGGGAAGAACATCTGACATGAGGACAGAAATCATAAGGATGATGGAAAGTGCAAGACCAGAAGATGTGTCCTTCCAGGGGCGGGGAGTCTTCGAGCTCTCGGACGAAAAGGCAACGAACCCGATCGTGCCCTCCTTTGACATGAGTAATGAAGGATCTTATTTCTTCGGAGACAATGCAGAGGAGTACGACAATTAAGGAAAAAT
>CY021716,TCAATTATATTCAATATGGAAAGAATAAAAGAACTAAGGAATCTAATGTCGCAATCTCGCACTCGCGAGATACTCACAAAAACCACCGTGGACCATATGGCCATAATCAAGAAATACACATCAGGAAGACAGGAAAAGAACCCGTCACTTAGGATGAAATGGATGATGGCAATGAAATATCCAATTACAGCAGACAAAAGGATAACGGAAATGATTCCTGAGAGAAATGACCAAGGACAAACTTTATGGAGTAAAATGAATGATGCCGGATCAGACCGAGTGATGGTATCACCTCTGGCTGTGACATGGTGGAATAGAAATGGACCAATGACAAGTACAATTCATTATCCAAAAATCTACAAAACTTATTTTGAAAAAGTCGAAAGGTTAAAACATGGAACCTTTGGCCCTGTCCATTTTAGAAACCAAGTCAAAATACGCCGAAGAGTTGACATAAATCCTGGCCATGCAGACCTCAGTGCCAAGGAGGCACAGGATGTAATCATGGAAGTTGTTTTCCCAAACGAAGTGGGAGCCAGAATACTAACGTCGGAGTCGCAATTAACGATAACCAAAGAGAAGAAAGAAGAACTCAAGGATTGCAAAATTTCTCCTTTGATGGTTGCATACATGTTAGAGAGAGAACTAGTCCGCAAAACGAGATTCCTCCCAGTTGCTGGTGGAACAAGCAGTGTGTACATTGAAGTGTTGCATTTGACTCAAGGAACATGCTGGGAACAGATGTACACTCCAGGTGGAGAAGTGAGGAATGATGATATTGATCAAAGTCTAATTATTGCTGCTAGGAACATAGTGAGAAGAGCTGCTGTATCAGCAGATCCACTAGCATCTTTATTGGAGATGTGCCACAGCACACAGATTGGTGGAACAAGGATGGTGGACATTCTTAGGCAGAACCCAACAGAAGAACAAGCCGTGGATATATGCAAGGCTGCAATGGGACTGAGAATCAGCTCATCCTTCAGTTTTGGCGGATTCACATTTAAGAGAACAAGCGGATCATCAGTCAAGAGAGAGGAGGAAGTGCTTACGGGCAATCTTCAAACATTGAAGATAAGGGTGCATGAGGGATATGAAGAATTCACAATGGTTGGGAGAAGGGCAACAGCTATACTCAGAAAAGCAACCAGGAGATTGATTCAGCTGATAGTGAGTGGAAGAGACGAACAGTCAATTGCCGAAGCAATAATTGTGGCCATGGTATTTTCACAAGAAGATTGTATGATAAAAGCAGTTAGAGGTGATCTGAATTTCGTTAATAGGGCGAATCAGCGATTGAATCCTATGCATCAACTTTTAAGACATTTTCAGAAGGATGCGAAAGTGCTTTTTCAAAATTGGGGAATTGAACCTATCGACAATGTTATGGGAATGATTGGGATATTACCCGACATGACTCCAAGCACCGAGATGTCAATGAGAGGAGTGAGAGTAAGCAAAATGGGTGTAGATGAATACTCCAGCGCGGAGAGGGTAGTGGTGAGCATTGACCGTTTTTTGAGAGTCCGGGACCAACGAGGAAATGTACTACTGTCTCCCGAGGAGGTCAGTGAAACACAGGGAACAGAGAAACTGACAATAACTTACTCATCGTCAATGATGTGGGAGATCAATGGCCCTGAGTCAGTGTTGGTCAATACCTATCAGTGGATTATCAGAAACTGGGAAACTGTTAAAATTCAGTGGTCTCAGAATCCTACAATGCTATACAATAAAATGGAATTTGAGCCATTTCAGTCTTTAGTTCCTAAGGCCATTAGAGGCCAATACAGTGGGTTTGTTAGAACTCTGTTCCAACAAATGAGGGATGTGCTTGGGACATTTGACACCACTCAGATAATAAAACTTCTTCCCTTTGCAGCCGCTCCACCAAAGCAAAGTAGAATGCAGTTCTCCTCATTGACTGTGAATGTGAGGGGGTCAGGAATGAGAATACTTGTAAGGGGCAATTCTCCAGTATTCAACTACAACAAGGTCACTAAGAGACTCACAGTTCTCGGAAAGGATGCTGGCACTTTAACTGAAGACCCAGATGAAGGCACAGCTGGAGTGGAGTCCGCTGTTCTGAGGGGATTCCTCATTCTAGGCAAAGAAGACAGGAGATATGGGCCAGCATTAAGCATCAATGAACTGAGCAACCTTGCGAAAGGAGAAAAGGCTAATGTGCTAATTGGGCAAGGAGACGTGGTGTTGGTAATGAAACGAAAAAGGGACTCTAGCATACTTACTGACAGCCAGACAGCGACCAAAAGAATTCGGATGGCCATCAATTAGTGTCGAATAGTTTA
>CY021711,TTTAAAATGAATCCAAATCAGAAAATAATAACCATTGGATCAATCTGTATGGTAGTCGGAATAATTAGCCTAATATTGCAAATAGGGAATATTATCTCAATATGGATTAGCCATTCAATTCAAACTGGAAGTCAAAACCATACTGGAATATGCAACCAAAGCATCATTACCTATAAAAATAGCACCTGGGTAAATCAAACATATGTTAATATTAGCAACACTAACGTTGTTGCTGGAAAAGGCACAACTCCAGTGATATTAGCCGGCAATTCATCTCTTTGTCCTATCCGTGGGTGGGCTATATACAGCAAAGATAACGGCATAAGAATTGGTTCCAAAGGAGATGTTTTTGTCATAAGAGAGCCTTTTATTTCATGTTCTCACTTGGAATGCAGGACTTTTTTTCTGACCCAAGGCGCCCTGTTGAATGACAAGCATTCAAATGGGACCGTTAAGGACAGAAGCCCTTATAGGGCCTTGATGAGCTGCCCTGTCGGTGAAGCTCCGTCCCCGTACAATTCAAGGTTTGAATCGGTTGCTTGGTCAGCATGTGCATGTCATGATGGCATGGGCTGGCTAACAATCGGAATTTCTGGTCCAGATGATGAAGCAGTGGCTGTGTTAAAATACAACGGCATAATAACTGAAACCATAAAAAGTTGGAGGAAGAAAATATTGAGAACACAAGAGTCTGAATGTGTCTGTGTAAATGGTTCATGTTTTACTATAATGACCGACGGCCCGAGTGATGGGCCGGCCTCGTACAAAATTTTCAAGATCGAGAAGGGGAAGGTTACTAAATCAATAGAGTTGGATGCACCTAATTCTCACTACGAGGAATGTTCCTGTTACCCTGATACCGGCAAGGTGATGTGTGTGTGCAGAGACAATTGGCACGGTTCGAACCGACCATGGGTGTCTTTCGATCAAAATCTGGATTATCAAATAGGATACATCTGCAGTGGGGTTTTCGGTGACAATCCGCGTCCCAAAGATGGAAAAGGCAGCTGTGGTCCGGTGTATGTTGATGGAGCAAACGGAGTAAAGGGATTTTCATACAGGTATGGTAATGGTGTTTGGATAGGAAGGATTAAAAGTAACAGTTCCAGACAGGGGTTTGAGATGATTTGGGATCCTAATGGGTGGACAGAGACTGATAGTAGTTTCTTTGTGAAACAAGATGTAGTGGCTATGACTGATTGGTCAGGGTACAGCGGAAGTTTCGTTCAACATCCTGAGCTAACAGGGCTGGACTGTATGAGGCCTTGCTTCTGGGTTGAATTAATCAGGGGACGACCTAAAGAAAAAACAATCTGGACTAGTGGGAGCAGCATTTCTTTTTGTGGCGTGAATAGTGATACTGTAGATTGGTCTTGGCCAGACGGTGCCGAATTGCCATTCACCATTGACAAGTAGTTTGTTCAAAAAA
>CY021714,GTACTGATCCGAAATGGAAGATTTTGTGCGACAATGCTTCAATCCGATGATTGTCGAGCTTGCGGAAAAGGCAATGAAAGAGTATGGAGAGGACCTGAAAGTCGAAACAAACAAATTTGCAGCAATATGCACTCACTTGGAAGTATGCTTCATGTATTCAGATTTTCACTTCATCAATGAGCAAGGCGAGTCAATAATAGTAGAACTTGGTGATCCAAACGCACTTTTGAAGCATAGATTTGAAATAATTGAGGGAAGAGATCGCACAATGGCCTGGACAATAGTAAACAGTATTTGCAACACTACAGGGGCTGAGAAACCGAAGTTTCTACCAGATTTGTATGATTACAAGGAGAATAGATTCATCGAGATTGGAGTGACAAGGAGAGAAGTTCACATATACTATCTGGAAAAGGCCAATAAAATTAAATCTGAGAAGACACACATCCACATTTTCTCGTTCACTGGGGAAGAAATGGCCACAAAGGCCGACTACACTCTCGATGAGGAGAGCAGGGCTAGGATCAAAACCAGACTATTCACCATAAGACAAGAAATGGCTAGCAGAGGCCTCTGGGATTCCTTTCGTCAGTCCGAGAGAGGCGAAGAGACAATTGAAGAAAGATTTGAAATCACAGGAACAATGCGCAAGCTCGCCGACCAAAGTCTCCCGCCGAACTTCTCCTGCTTTGAAAATTTTAGAGCCTATGTGGATGGATTCGAACCGAACGGCTACATTGAGGGCAAGCTTTCTCAAATGTCCAAAGAAGTAAATGCTAGAATTGAACCTTTTTTGAAGACAACACCACGACCACTTAAACTTCCGGATGGGCCTCCTTGTTCTCAGCGGTCCAAATTCCTTCTGATGGATGCTTTAAAATTAAGCATTGAGGACCCAAGTCATGAAGGAGAGGGGATACCACTATATGATGCAATCAAGTGCATGAGAACATTCTTTGGATGGAAAGAACCCAATGTTGTTAAGCCACACGAAAAGGGAATAAATCCGAATTATCTGCTGTCATGGAAGCAAGTACTGGCAGAACTGCAGGACATTGAGAATGAGGAGAAGATTCCAAAGACTAAAAACATGAAGAAAACGAGTCAGCTAAAGTGGGCACTTGGTGAGAACATGGCACCAGAAAAGGTAGACTTTGACGACTGTAAAGATGTAAGCGATTTGAAGCAATATGATAGTGATGAACCAGAATTGAGGTCACTTTCAAGTTGGATCCAGAATGAGTTCAACAAGGCATGCGAGCTGACCGATTCAATCTGGATAGAGCTCGATGAGATTGGAGAAGATGTGGCTCCAATTGAACACATTGCAAGCATGAGAAGGAATTACTTCACAGCAGAAGTATCTCATTGCAGAGCCACAGAATACATAATGAAGGGGGTATACATTAATACTGCCTTGCTTAATGCATCCTGTGCAGCAATGGATGATTTCCAATTAATTCCAATGATAAGCAAATGTAGAACTAAAGAGGGAAGGCGAAAGACCAACTTGTATGGTTTCATCATAAAAGGAAGATCCCACTTAAGGAATGACACCGACGTGGTAAACTTTGTGAGCATGGAGTTTTCTCTCACTGACCCAAGACTTGAACCACACAAATGGGAGAAGTACTGTGTTCTTGAGATAGGAGATATGCTTCTAAGAAGTGCCATAGGCCAGGTGTCAAGGCCCATGTTCTTGTATGTGAGGACAAATGGAACCTCAAAAATTAAAATGAAATGGGGAATGGAGATGAGGCGTTGCCTCCTTCAGTCACTTCAACAAATCGAGAGTATGATTGAAGCCGAGTCCTCTGTCAAGGAGAAAGACATGACCAAAGAGTTTTTTGAGAATAAATCAGAAACATGGCCCATTGGAGAGTCTCCCAAAGGAGTGGAAGAAGGTTCCATTGGGAAGGTCTGCAGGACTTTATTAGCAAAATCGGTATTCAATAGCTTGTATGCATCCCCACAACTAGAAGGATTTTCAGCTGAATCAAGAAAACTGCTCCTCATCGTTCAGGCTCTTAGGGACAACCTGGAACCTGGGACCTTTGATCTTGGGGGGCTATATGAAGCAGTTGAGGAATGCCTGATTAATGATCCCTGGGTTTTGCTTAATGCTTCTTGGTTCAACTCCTTCCTCACACATGCATTAAGATAGTTGTGGCAATGCTACTATTTGCTATCCATACTGTCCAAAAAA
>CY020289,ATAATGGATCCCAACACTGTGTCAAGCTTTCAGGTAGACTGCTTTCTTTGGCATGTCCGCAAACGAGTTGCAGACCAAAAACTAGGTGATGCCCCATTCCTTGATCGGCTTCGCCGAGATCAGAAGTCCCTAAGAGGAAGAGGCAGCACTCTTGGTCTGAACATCGAAACAGCCACCCGTGCTGGAAAGCAGATAGTGGAGCGGATTCTGAAGGAAGAATCCGATGAGGCACTTAAAATGACCATGCCCTCTGCACCTGCTTCGCGCTACCTAACTGACATGACTATTGAGGAAATGTCAAGGGACTGGTTCATGCTCATGCCCAAGCAGAAAGTGGCAGGCCCTCTTTGTATCAGAATGGACCAGGCGATCATGGATAAGAGCATCATACTGAAAGCAAACTTCAGTGTGATTCTTGACCGGCTGGAGACTCTAATATTACTAAGGGCTTTCACCGAAGAGGGAGCAATTGTTGGCGAAATTTCACCATTGCCTTCTCTTCCAGGACATACTAATGAGGATGTCAAAAATGCAATTGGGGTCCTCATCGGAGGACTTGAATGGAATGATAACACAGTTCGAGTCTCTAAAACTCTACAGAGATTCGCTTGGAGAAGCAGTAATGAGAATGGGAGACCTCCACTCACTCCAAAACAGAAACGGAAAATGGCGAGAACAATTAGGTCAGAAGTTTGAAGAAATAAGATGGTTGATTGAAGAAGTGAGACACAGACTGAAGATAACAGAGAATAGTTTTGAGCAAATAACGTTTATGCAAGCCTTACAGCTATTGCTTGAAGTGGAACAAGAGATAAGAACTTTCTCGTTTCAGCTTATTTAATGATAAAA
>CY020290,ATCCGAAATGGAAGATTTTGTGCGACAATGCTTCAATCCGATGATTGTCGAGCTTGCGGAAAAGGCAATGAAAGAGTATGGAGAGGACCTGAAAATCGAAACAAACAAATTTGCAGCAATATGCACTCACTTGGAAGTATGCTTCATGTATTCAGATTTTCACTTCATCAATGAGCAAGGCGAGTCAATAATAGTAGAACTTGGTGATCCAAACGCACTTTTGAAGCACAGATTTGAAATAATCGAGGGAAGAGATCGCACAATGGCCTGGACAGTAGTGAACAGTATTTGCAACACTACAGGGGCTGAGAAACCGAAGTTTCTACCAGATTTGTATGATTACAAGGAGAATAGATTCATCGAGATTGGAGTGACAAGGAGAGAAGTTCACATATACTATCTGGAAAAGGCCAATAAAATTAAATCTGAGAAGACACACATCCACATTTTCTCGTTCACTGGGGAAGAAATGGCCACAAAGGCCGACTACACTCTCGATGAGGAAAGCAGGGCTAGGATCAAAACCAGACTATTCACCATAAGACAAGAAATGGCTAGCAGAGGCCTCTGGGATTCCTTTCGTCAGTCCGAGAGAGGCGAAGAGACAATTGAAGAAAGATTTGAAATCACAGGAACAATGCGCAAGCTCGCCGACCAAAGTCTCCCGCCGAACTTCTCCTGCCTTGAAAATTTTAGAGCCTATGTGGATGGATTCGAGCCGAACGGCTACATTGAGGGCAAGCTTTCTCAAATGTCCAAAGAAGTAAATGCTAGAATTGAACCTTTTTTGAAGACAACACCACGACCACTTAGACTTCCGGATGGGCCTCCTTGTTCTCAGCGGTCCAAATTTCTGCTGATGGATGCTTTAAAATTAAGCATTGAGGACCCAAGTCATGAAGGAGAGGGAATACCACTATATGATGCAATCAAGTGCATGAGAACATTCTTTGGATGGAAAGAACCCAATATTGTTAAGCCACACGAAAAGGGAATAAATCCGAATTATCTGCTGTCATGGAAGCAACTACTGGCAGAACTGCAGGACATTGAGAATGAGGAGAAGATTCCAAAGACTAAAAACATGAAGAAAACGAGTCAGCTAAAGTGGGCACTTGGTGAGAACATGGCACCAGAAAAGGTAGACTTTGACGACTGTAAAGATGTAAGCGATTTGAAGCAATATGATAGTGATGAACCAGAATTGAGGTCACTTTCAAGTTGGATCCAGAATGAGTTCAACAAGGCATGCGAGCTGACCGATTCAATCTGGATAGAGCTCGATGAGATTGGAGAAGATGTGGCTCCAATTGAACACATTGCAAGCATGAGAAGGAATTATTTCACAGCAGAGGTGTCTCATTGCAGAGCCACAGAATACATAATGAAGGGGGTATACATTAATACTGCCTTGCTTAATGCATCCTGTGCAGCAATGGATGATTTCCAATTAATTCCAATGATAAGCAAATGTAGAACTAAAGAGGGAAGGCGAAAGACCAACTTGTATGGTTTCATCATAAAAGGAAGATCCCACTTGAGGAATGACACCGACGTGGTAAACTTTGTGAGCATGGAGTTTTCTCTCACTGATCCAAGACTTGAACCACACAAATGGGAGAAGTACTGTGTTCTTGAGATAGGAGATATGCTTCTAAGAAGTGCCCTCGGCCAGGTGTCAAGGCCCATGTTCTTGTATGTGAGGACAAATGGAACCTCAAAAATTAAAATGAAATGGGGAATGGAGATGAGGCGTTGCCTCCTTCAGTCACTTCAACAAATCGAGAGTATGATTGAAGCCGAGTCCTCTGTCAAGGAGAAAGACATGACCAAAGAGTTTTTTGAAAATAAATCAGAAACATGGCCCATTGGAGAGTCCCCCAAAGGAGTGGAAGAAGGTTCCATTGGGAAGGTCTGCAGGACTTTATTAGCAAAGTCGGTATTCAATAGCTTGTATGCATCTCCACAACTAGAAGGGTTTTCAGCTGAATCAAGAAAACTGCTCCTTATCGTTCAGGCTCTTAGGGACAACCTGGAACCTGGGACCTTTGATCTTGGGGGGCTATATGAAGCAGTTGAGGAGTGCCTGATTAATGATCCCTGGGTTTTGCTTAACGCTTCTTGGTTCAACTCCTTCCTCACACATGCATTAAGATAGTTGTGGCAATGCTACTATTTGCTATCCATA
>CY020291,ATGGATGTCAATCCGACCTTACTTTTCTTAAAAGTGCCAGCACAAAATGCTATAAGCACAACTTTCCCTTATACTGGAGACCCTCCTTACAGCCATGGGACAGGAACAGGATACACCATGGATACTGTCAACAGGACACATCAGTACTCAGAAAGGGGAAGGTGGACAACAAACACCGAAACTGGAGCACCACAACTCAACCCGATTGATGGGCCACTGCCAGAAGACAATGAACCAAGTGGTTATGCCCAAACAGATTGTGTATTGGAAGCAATGGCTTTCCTTGAGGAATCCCATCCTGGTATTTTTGAAAACTCGTGTATTGAGACGATGGAGGTTGTTCAGCAAACACGAGTGGACAAACTGACACAAGGCCGACAGACCTATGACTGGACTCTAAATAGAAACCAGCCTGCTGCAACAGCATTGGCCAACACAATAGAAGTGTTCAGATCAAATGGCCTCACGGCCAATGAATCTGGAAGGCTAATAGACTTCCTTAAGGATGTAATGGAGTCAATGGACAAAGAAGAAATGGAGATCACAACTCATTTTCAGAGAAAGAGACGAGTGAGAGACAATGTGACTAAGAAAATGGTGACACAGAGAACAATAGGTAAAAGGAAGCAGAGATTGAACAAAAGAAGTTATCTAATTAGAGCATTGACCCTGAACACAATGACCAAAGATGCTGAGAGAGGGAAACTAAAACGAAGAGCAATTGCAACCCCAGGGATGCAAATAAGAGGGTTTGTATACTTTGTTGAGACACTGGCAAGAAGTATATGTGAAAAACTTGAACAATCAGGATTGCCAGTTGGAGGCAATGAGAAGAAAGCAAAGTTGGCAAATGTTGTAAGGAAGATGATGACCAATTCTCAGGACACTGAAATTTCTTTCACCATCACTGGAGATAACACCAAATGGAACGAAAATCAGAACCCTAGGATGTTTTTGGCCATGATCACATATATGACCAGAAATCAGCCCGAATGGTTCAGAAATGTTCTAAGTATTGCTCCAATAATGTTCTCAAACAAAATGGCGAGACTAGGAAAGGGGTACATGTTTGAAAGCAAGAGTATGAAACTTAGAACTCAAATACCTGCAGAAATGCTAGCAAACATCGATTTGAAGTATTTCAATGATTCAACAAGAAAGAAGATTGAAAAAATCCGACCACTCTTAATAGATGGGACTGCATCACTGAGCCCTGGAATGATGATGGGCATGTTCAATATGTTAAGCACTGTATTGGGCGTCTCCATCCTGAATCTTGGACAAAAGAGATACACCAAGACTACTTACTGGTGGGATGGTCTTCAATCTTCTGATGATTTTGCCCTGATTGTGAATGCACCCAATCATGAAGGAATTCAAGCCGGAGTTGACAGGTTTTATCGAACCTGTAAACTACTCGGAATCAATATGAGCAAGAAGAAGTCTTACATAAACAGAACAGGTACATTTGAATTCACGAGCTTTTTCTATCGTTATGGGTTTGTTGCCAATTTCAGCATGGAGCTTCCCAGTTTTGGGGTGTCTGGAATCAACGAGTCTGCAGACATGAGTATTGGAGTCACTGTCATCAAAAACAATATGATAAACAATGATCTTGGTCCAGCAACAGCTCAAATGGCCCTTCAGTTGTTCATCAAAGATTACAGGTACACGTATCGATGCCATAGAGGTGACACACAAATACAAACCCGAAGATCATTTGAAATAAAGAAACTGTGGGAGCAAACCCGTTCAAAAGCTGGACTGCTGGTCTCCGACGGAGGCCCAAATTTATTCAACATTAGAAATCTCCACATTCCTGAAGTCTGCTTGAAATGGGAATTGATGGATGAAGATTACCAGGGGCGTTTATGCAACCCACTGAACCCATTTGTCAGTCATAAAGAGATTGAATCAGTGAACAATGCAGTGATGATGCCTGCACATGGTCCAGCCAAAAACATGGAGTATGATGCTGTTGCAACAACACACTCCTGGATCCCCAAAAGAAATCGGTCCATCTTGAACACGAGTCAGAGAGGAATACTTGAAGATGAACAAATGTATCAAAGGTGCTGCAATTTATTTGAAAAATTCTTCCCCAGCAGTTCATACAGAAGACCAGTCGGAATATCCAGTATGGTGGAGGCTATGGTTTCCAGAGCCCGAATTGATGCACGGATTGATTTCGAATCAGGAAGGATAAAGAAAGAGGAGTTCACTGAGATCATGAAGATCTGTTCCACCATTGAAGAACTCAGACGGCAAAAATAGTGAATTTAACTTGT
>CY020288,TCACTCACTGAGTGACATCAAAATCATGGCGTCCCAAGGCACCAAACGGTCTTACGAACAGATGGAGACTGATGGAGAACGCCAGAATGCCACTGAAATCAGAGCATCCGTCGGAAAAATGATTGGTGGAATTGGACGATTCTACATCCAAATGTGCACCGAACTTAAACTCAGTGATTACGAGGGACGGCTGATCCAGAACAGCTTAACAATAGAGAGAATGGTGCTCTCTGCTTTTGACGAAAGGAGGAATAAATATCTGGAAGAACATCCCAGCGCGGGGAAAGATCCTAAGAAAACTGGAGGACCCATATACAAGAGAGTAGATAGAAAGTGGATGAGGGAACTCATCCTTTATGACAAAGAAGAAATAAGGCGAATCTGGCGCCAAGCTAATAATGGTGATGATGCAACGGCTGGTCTGACTCACATGATGATCTGGCATTCCAATTTGAATGATGCAACTTATCAGAGGACAAGAGCTCTTGTCCGCACCGGAATGGATCCCAGGATGTGCTCTCTGATGCAGGGTTCAACTCTCCCTAGGAGGTCTGGAGCCGCAGGCGCTGCAGTCAAAGGAGTTGGGACAATGGTGATGGAATTGATCAGGATGATCAAACGTGGGATAAATGATCGGAATTTCTGGAGGGGTGAGAATGGACGAAAAACAAGGATTGCTTATGAGAGAATGTGCAACATTCTCAAAGGGAAATTTCAAACAGCAGCACAAAGAGCAATGATGGATCAAGTGAGAGAAAGCCGGAATCCAGGAAATGCTGAGTTCGAAGATCTCACCTTTCTAGCACGGTCTGCACTCATATTGAGAGGGTCAGTTGCTCACAAGTCTTGCCTGCCTGCCTGTGTGTATGGACCTGCCGTAGCCAGTGGGTACGACTTCGAAAGAGAGGGATACTCTCTAGTGGGAATAGACCCTTTCAAATTGCTTCAAAACAGCCAAGTATACAGCCTAATCAGACCGAATGAGAATCCAGCACACAAGAGTCAGCTGGTGTGGATGGCATGCCATTCTGCTGCATTTGAAGATCTAAGAGTATCAAGCTTCATTAGAGGGACGAGAGTAGTCCCAAGGGGGAAGCTTTCCACTAGAGGAGTTCAAATTGCTTCCAATGAAAACATGGAGACTATGGAATCAAGTACTCTTGAACTGAGAAGCAGGTACTGGGCCATAAGGACCAGAAGTGGAGGAAACACCAATCAACAGAGGGCTTCTGCAGGCCAAATAAGCATACAGCCTACGTTTTCTGTACAGAGAAATCTCCCATTTGACAGAACAACCATCATGGCAGCATTCACTGGGAATACAGAGGGAAGAACATCTGACATGAGGACAGAAATCATAAGGATGATGGAAAGTGCAAGACCAGAAGATGTGTCCTTCCAGGGGCGGGGAGTCTTCGAGCTCTCGGACGAAAAGGCAGCGAACCCGATCGTGCCCTCCTTTGACATGAGTAATGAAGGATCTTATTTCTTCGGAGACAATGCAGAGGAGTACGACAATTAAGGAAAAAT
>CY020292,TCAATTATATTCAATATGGAAAGAATAAAAGAACTAAGGAATCTAATGTCGCAGTCTCGCACTCGCGAGATACTCACAAAAACCACCGTGGACCATATGGCCATAATCAAGAAGTACACATCAGGAAGACAGGAGAAGAACCCGTCACTTAGGATGAAATGGATGATGGCAATGAAATATCCAATTACAGCAGACAAGAGGATAACGGAAATGATTCCTGAGAGAAATGAGCAAGGACAAACTCTATGGAGTAAAATGAATGATGCCGGATCAGACCGAGTGATGGTATCACCTCTGGCTGTGACATGGTGGAATAGAAATGGACCAATGACAAGCACAGTTCATTATCCAAAAATCTACAAAACTTATTTTGAAAAGGTCGAAAGGTTAAAACATGGAACCTTTGGCCCTGTCCATTTTAGAAACCAAGTCAAAATACGCCGAAGAGTTGACATAAATCCTGGCCATGCAGACCTCAGTGCCAAGGAGGCACAGGATGTAATCATGGAAGTTGTTTTCCCTAACGAAGTGGGAGCCAGAATACTAACGTCGGAATCGCAATTAACGATAACCAAAGAGAAGAAAGAAGAACTCCAGGATTGCAAAATTTCTCCTTTGATGGTTGCATACATGTTAGAGAGAGAGCTGGTCCGCAAAACGAGATTCCTCCCAGTTGCTGGTGGAACAAGCAGTGTGTACATTGAAGTGTTGCATTTGACTCAAGGAACATGCTGGGAACAGATGTATACCCCAGGTGGAGAAGTGAGGAATGATGATGTTGATCAAAGCCTAATTATTGCTGCTAGGAACATAGTGAGAAGAGCTGCAGTGTCAGCAGATCCACTAGCATCTTTATTGGAGATGTGCCACAGCACACAGATTGGTGGGACAAGGATGGTGGACATCCTTAGGCAGAACCCAACAGAAGAGCAAGCCGTGGATATATGCAAGGCTGCAATGGGACTGAGAATCAGCTCATCCTTCAGTTTTGGCGGATTCACATTTAAGAGAACAAGCGGATCATCAGTCAAGAGAGAGGAAGAAGTGCTTACGGGCAATCTTCAAACACTGAAGATAAGGGTGCATGAGGGATATGAAGAGTTCACAATGGTTGGGAGAAGGGCAACAGCTATACTCAGAAAAGCAACCAGGAGATTGATTCAGCTGATAGTGAGTGGAAAAGACGAACAATCGATTGCCGAAGCAATAATTGTGGCCATGGTATTTTCGCAAGAAGATTGTATGATAAAAGCTGTTAGAGGTGATCTGAATTTCGTTAATAGGGCGAATCAGCGATTGAATCCTATGCATCAACTTTTAAGACATTTTCAGAAGGATGCGAAAGTGCTTTTTCAAAATTGGGGAATTGAACCTATCGACAATGTGATGGGAATGATTGGGATATTACCCGACATGACTCCAAGCACCGAGGTGTCAATGAGAGGAGTGAGAGTCAGCAAAATGGGTGTAGATGAATACTCCAACGCGGAGAGGGTAGTGGTGAGCATTGACCGTTTTTTGAGAGTCCGGGACCAACGAGGAAATGTACTACTGTCTCCTGAGGAGGTCAGTGAAACACAGGGAACAGAGAAACTGACAATAACTTACTCATCGTCAATGATGTGGGAGATCAATGGCCCTGAGTCAGTGTTGGTCAATACCTATCAGTGGATCATCAGAAACTGGGAAACTGTTAAAATTCAGTGGTCTCAGAATCCTACAATGCTATACAATAAAATGGAATTTGAGCCATTTCAGTCTTTAGTTCCTAAGGCCATTAGAGGCCAATACAGTGGATTTGTTAGAACTCTGTTCCAACAAATGAGGGATGTGCTTGGGACATTTGACACCACTCAGATAATAAAACTTCTTCCCTTTGCAGCTGCTCCACCAAAGCAAAGTAGAATGCAGTTCTCCTCATTGACTGTAAATGTGAGGGGATCAGGAATGAGAATACTTGTAAGAGGCAATTCTCCAGTATTCAACTACAACAAGGCCACTAAGAGACTCACAGTTCTCGGAAAGGATGCTGGCACCTTAACTGAAGACCCAGATGAAGGCACATCTGGAGTGGAGTCCGCTGTTCTGAGGGGATTCCTCATTCTGGGCAAAGAAGACAGGAGATATGGACCAGCATTAAGCATCAATGAACTGAGCAACCTTGCGAAAGGAGAAAAGGCTAATGTGCTAATTGGGCAAGGAGACGTGGTGTTGGTAATGAAACGAAAACGGGACTCTAGCATACTTACTGACAGCCAGACAGCGACCAAAAGAATTCGGATGGCCATCAATTAGTATCG
>CY020287,ATGAATCCAAATCAGAAAATAATAACCATTGGATCAATCTGTATGGTAGTCGGAATAATTAGCCTAATATTGCAAATAGGGAATATTATCTCAATATGGATCAGCCATTCAATTCAAACTGGAAGTCAAAACCATACTGGAACTTGCAACCAAAGCATCATTACATATAAAAATAGCACCTGGGTAAATCAAACATATGTTAATATTAGCAACACTAACGTTGTTGCTGGAAAGGATACAACTTCAGTGATATTAGCCGGCAATTCATCTCTTTGTCCTATCCGTGGGTGGGCTATATACAGCAAAGATAATGGCGTAAGAATTGGTTCCAAAGGAGATGTTTTTGTCATAAGAGAACCCTTTATTTCATGTTCTCACTTGGAATGCAGGACCTTTTTTCTGACCCAAGGCGCCCTGTTGAATGACAAGCATTCAAATGGGACCGTTAAGGACAGAAGCCCTTATAGGGCCTTAATGAGCTGCCCTGTCGGTGAAGCTCCGTCCCCGTACAATTCAAGGTTTGAATCGGTTGCTTGGTCAGCAAGTGCATGTCATGATGGCATGGGCTGGCTAACAATCGGAATTTCTGGTCCAGATGATGGAGCAGTGGCTGTGTTAAAATACAACGGTATAATAACTGAAACCATAAAAAGTTGGAGGAAGGAAATATTGAGAACACAAGAGTCTGAATGTGCCTGCGTAAATGGTTCATGTTTCACTATAATGACCGACGGCCCGAGTGGTGGGCCGGCCTCGTACAAAATTTTCAAGATCGAGAAGGGGAAGGTTACTAAATCAATAGAATTGGATGCACCTAATTCTCACTATGAGGAATGTTCCTGTTACCCTGATACCGGCAAGGTGATGTGTGTGTGCAGAGACAATTGGCACGGTTCGAACCGACCATGGGTGTCTTTCGATCAAAATCTGGATTATCAAATGGGATACATCTGCAGTGGGGTTTTCGGTGACAATCCGCGTCCCAAAGATGGAAAAGGCAACTGTGGTCCAGTGTATGTTGATGGAGCAAACGGAGTAAAGGGATTTTCATACAGGTATGGTAATGGTGTTTGGATAGGAAGGACTAAAAGTAACAGTTCCAGACAGGGGTTTGAGATGATTTGGGATCCCAATGGGTGGACAGAGACTGATAGTAATTTCTTTGTGAAACAAGATGTAGTGGCAGTGACTGATTGGTCAGGGTACAGCGGAAGTTTCGTTCAACATCCTGAGTTAACAGGGCTGGACTGTATGAGGCCTTGCTTCTGGGTTGAATTAATCAGGGGACGGCCTAAAGAAAAAACAATCTGGACCAGTGGGAGCAGCATTTCTTTTTGTGGCGTGAATAGTGATACTGTAGATTGGTCTTGGCCAGACGGTGCCGAGTTGCCATTCACCATTGACAAGTAG
>CY020285,AACAACCAAAATGAAAGCAAGACTACTGGTCCTGTTATGTGCACTTGCAGCTACAGATGCAGACACAATATGTATAGGCTACCATGCAAACAACTCAACCGACACTGTTGACACAGTACTCGAAAAGAATGTGACAGTGACACACTCTGTCAACCTACTCGAAGACAGCCACAACGGGAAATTATGTAGATTAAAAGGAATAGCCCCACTACAATTGGGGAAATGTAACATTGCCGGATGGATCTTGGGAAACCCAGAATGCGAATCACTGCTTTCAGAGAGATCATGGTCCTACATTGTAGAAACACCAAACTCTGAAAATGGAACATGTTACCCAGGAGATTTCATCGACTATGAGGAACTGAGGGAGCAATTGAGCTCAGTATCATCATTCGAAAGATTCGAAATATTCTCCAAGGAAAGCTCATGGCCCAAACACAACACAACCAGAGGAGTAACGGCAGCATGCTCCCATGCGGGAAAAAGTAGTTTTTACAGAAATTTGCTATGGCTGACGGAGAAGGATGGCTCATACCCGAATCTGAACAATTCCTATGTGAACAAGAAAGGGAAAGAAGTCCTTGTACTATGGGGTGTTCATCACCCGTCTAACATAAAGGATCAACAGACCCTCTATCAGAAAGAAAATGCTTATGTCTCTGTAGTGTCTTCAAACTATAACAGGAGATTCACCCCGGAAATAGCAGAAAGACCCAAAGTAAGAGGTCAAGCAGGGAGGATGAACTATTACTGGACCTTGCTAAAACCCGGAGACACAATAATGTTTGAGGCAAATGGAAATCTAATAGCGCCATGGTATGCTTTCGCACTAAGTAGAGGCTTTGGGTCAGGCATCATCACCTCAAACGCATCGATGCATGAGTGTGACACGAAGTGTCAAACACCCCAGGGAGCTATAAACAGCAGTCTCCCTTTCCAGAATATACACCCAGTCACAATAGGAGAGTGCCCAAAATACGTCAGGAGTACCAAATTGAGGATGGTTACAGGACTAAGGAACATCCCATCCATTCAATCCAGAGGTCTATTTGGAGCCATTGCCGGTTTCATTGAAGGGGGATGGACTGGAATGATAGATGGATGGTATGGTTATCATCATCAGAATGAACAGGGATCAGGCTATGCTGCGGATCAAAAAAGCACACAAAATGCCATTAACGGGATTACAAACAAGGTGAACTCTGTTATCGAGAAAATGAACACTCAATTCACAGCTGTGGGTAAAGAATTCAACAACTTAGAAAAAAGGATGGAAAACTTAAACAAAAAAGTTGATGATGGATTTCTGGACATTTGGACATATAATGCAGAATTGTTGGTTCTACTGGAAAATGAAAGGACTCTGGATTTCCATGACTCAAATGTGAAGAATCTGTATGAAAAAGTAAAAAACCAATTAAGGAATAATGCCAAAGAAATAGGAAACGGATGTTTTGAGTTCTACCACAAGTGTAACAATGAATGCATGGAAAGTGTAAAAAATGGAACTTATGATTATCCAAAATATTCAGAAGAATCAAAGTTGAACAGGGAAAAAATAGATGGAGTGAAATTGGAATCAATGGGGGTCTATCAGATTCTGGCGATCTACTCAACTGTCGCCAGTTCACTGGTGCTTCTGGTCTCCCTGGGGGCAATCAGCTTCTGGATGTGTTCTAATGGGTCTTTGCAGTGCAGAATATGCATCTGAGATCAGAATTTCAGAAACATAAGGAAAAAA
